﻿<?xml version="1.0" encoding="utf-8"?>
<Manifest>
  <Resources>
    <Image>image/Loader.gif</Image>
    <Script>script/jquery.min.js</Script>
    <Script>script/TinyMCEEditor.js</Script>
    <Script>script/TinyMCEEditorHelper.js</Script>
    <Script>script/TinyMCEEditorStartUp.js</Script>
    <Script>tinymce/icons/default/icons.min.js</Script>
    <Script>tinymce/langs/ar.js</Script>
    <Script>tinymce/langs/bg_BG.js</Script>
    <Script>tinymce/langs/bn_BD.js</Script>
    <Script>tinymce/langs/ca.js</Script>
    <Script>tinymce/langs/cs.js</Script>
    <Script>tinymce/langs/cy.js</Script>
    <Script>tinymce/langs/da.js</Script>
    <Script>tinymce/langs/de.js</Script>
    <Script>tinymce/langs/el.js</Script>
    <Script>tinymce/langs/eo.js</Script>
    <Script>tinymce/langs/es.js</Script>
    <Script>tinymce/langs/es_ES.js</Script>
    <Script>tinymce/langs/es_MX.js</Script>
    <Script>tinymce/langs/et.js</Script>
    <Script>tinymce/langs/eu.js</Script>
    <Script>tinymce/langs/fa.js</Script>
    <Script>tinymce/langs/fa_IR.js</Script>
    <Script>tinymce/langs/fi.js</Script>
    <Script>tinymce/langs/fr_FR.js</Script>
    <Script>tinymce/langs/gl.js</Script>
    <Script>tinymce/langs/he_IL.js</Script>
    <Script>tinymce/langs/hr.js</Script>
    <Script>tinymce/langs/hu_HU.js</Script>
    <Script>tinymce/langs/hy.js</Script>
    <Script>tinymce/langs/id.js</Script>
    <Script>tinymce/langs/it.js</Script>
    <Script>tinymce/langs/it_IT.js</Script>
    <Script>tinymce/langs/ja.js</Script>
    <Script>tinymce/langs/kab.js</Script>
    <Script>tinymce/langs/kk.js</Script>
    <Script>tinymce/langs/ko_KR.js</Script>
    <Script>tinymce/langs/ku.js</Script>
    <Script>tinymce/langs/lt.js</Script>
    <Script>tinymce/langs/nb_NO.js</Script>
    <Script>tinymce/langs/nl.js</Script>
    <Script>tinymce/langs/pl.js</Script>
    <Script>tinymce/langs/pt_BR.js</Script>
    <Script>tinymce/langs/pt_PT.js</Script>
    <Script>tinymce/langs/readme.md</Script>
    <Script>tinymce/langs/ro.js</Script>
    <Script>tinymce/langs/ro_RO.js</Script>
    <Script>tinymce/langs/ru.js</Script>
    <Script>tinymce/langs/sk.js</Script>
    <Script>tinymce/langs/sl.js</Script>
    <Script>tinymce/langs/sl_SI.js</Script>
    <Script>tinymce/langs/sv_SE.js</Script>
    <Script>tinymce/langs/ta.js</Script>
    <Script>tinymce/langs/ta_IN.js</Script>
    <Script>tinymce/langs/th_TH.js</Script>
    <Script>tinymce/langs/tr.js</Script>
    <Script>tinymce/langs/tr_TR.js</Script>
    <Script>tinymce/langs/uk.js</Script>
    <Script>tinymce/langs/vi.js</Script>
    <Script>tinymce/langs/zh_CN.js</Script>
    <Script>tinymce/langs/zh_TW.js</Script>
    <Script>tinymce/plugins/advlist/plugin.min.js</Script>
    <Script>tinymce/plugins/anchor/plugin.min.js</Script>
    <Script>tinymce/plugins/autolink/plugin.min.js</Script>
    <Script>tinymce/plugins/autoresize/plugin.min.js</Script>
    <Script>tinymce/plugins/autosave/plugin.min.js</Script>
    <Script>tinymce/plugins/bbcode/plugin.min.js</Script>
    <Script>tinymce/plugins/charmap/plugin.min.js</Script>
    <Script>tinymce/plugins/code/plugin.min.js</Script>
    <Script>tinymce/plugins/codesample/plugin.min.js</Script>
    <Script>tinymce/plugins/colorpicker/plugin.min.js</Script>
    <Script>tinymce/plugins/contextmenu/plugin.min.js</Script>
    <Script>tinymce/plugins/directionality/plugin.min.js</Script>
    <Script>tinymce/plugins/emoticons/js/emojis.js</Script>
    <Script>tinymce/plugins/emoticons/js/emojis.min.js</Script>
    <Script>tinymce/plugins/emoticons/plugin.min.js</Script>
    <Script>tinymce/plugins/fullpage/plugin.min.js</Script>
    <Script>tinymce/plugins/fullscreen/plugin.min.js</Script>
    <Script>tinymce/plugins/help/plugin.min.js</Script>
    <Script>tinymce/plugins/hr/plugin.min.js</Script>
    <Script>tinymce/plugins/image/plugin.min.js</Script>
    <Script>tinymce/plugins/imagetools/plugin.min.js</Script>
    <Script>tinymce/plugins/importcss/plugin.min.js</Script>
    <Script>tinymce/plugins/insertdatetime/plugin.min.js</Script>
    <Script>tinymce/plugins/legacyoutput/plugin.min.js</Script>
    <Script>tinymce/plugins/link/plugin.min.js</Script>
    <Script>tinymce/plugins/lists/plugin.min.js</Script>
    <Script>tinymce/plugins/media/plugin.min.js</Script>
    <Script>tinymce/plugins/nonbreaking/plugin.min.js</Script>
    <Script>tinymce/plugins/noneditable/plugin.min.js</Script>
    <Script>tinymce/plugins/pagebreak/plugin.min.js</Script>
    <Script>tinymce/plugins/paste/plugin.min.js</Script>
    <Script>tinymce/plugins/preview/plugin.min.js</Script>
    <Script>tinymce/plugins/print/plugin.min.js</Script>
    <Script>tinymce/plugins/quickbars/plugin.min.js</Script>
    <Script>tinymce/plugins/save/plugin.min.js</Script>
    <Script>tinymce/plugins/searchreplace/plugin.min.js</Script>
    <Script>tinymce/plugins/spellchecker/plugin.min.js</Script>
    <Script>tinymce/plugins/tabfocus/plugin.min.js</Script>
    <Script>tinymce/plugins/table/plugin.min.js</Script>
    <Script>tinymce/plugins/template/plugin.min.js</Script>
    <Script>tinymce/plugins/textcolor/plugin.min.js</Script>
    <Script>tinymce/plugins/textpattern/plugin.min.js</Script>
    <Script>tinymce/plugins/toc/plugin.min.js</Script>
    <Script>tinymce/plugins/visualblocks/plugin.min.js</Script>
    <Script>tinymce/plugins/visualchars/plugin.min.js</Script>
    <Script>tinymce/plugins/wordcount/plugin.min.js</Script>
    <StyleSheet>tinymce/skins/content/dark/content.min.css</StyleSheet>
    <StyleSheet>tinymce/skins/content/default/content.min.css</StyleSheet>
    <StyleSheet>tinymce/skins/content/document/content.min.css</StyleSheet>
    <StyleSheet>tinymce/skins/content/tinymceeditor-black/content.css</StyleSheet>
    <StyleSheet>tinymce/skins/content/tinymceeditor-black/content.min.css</StyleSheet>
    <StyleSheet>tinymce/skins/content/tinymceeditor-blue/content.css</StyleSheet>
    <StyleSheet>tinymce/skins/content/tinymceeditor-blue/content.min.css</StyleSheet>
    <StyleSheet>tinymce/skins/content/tinymceeditor-dark/content.css</StyleSheet>
    <StyleSheet>tinymce/skins/content/tinymceeditor-dark/content.min.css</StyleSheet>
    <StyleSheet>tinymce/skins/content/tinymceeditor-dark-gray/content.css</StyleSheet>
    <StyleSheet>tinymce/skins/content/tinymceeditor-dark-gray/content.min.css</StyleSheet>
    <StyleSheet>tinymce/skins/content/tinymceeditor-dark-green/content.css</StyleSheet>
    <StyleSheet>tinymce/skins/content/tinymceeditor-dark-green/content.min.css</StyleSheet>
    <StyleSheet>tinymce/skins/content/tinymceeditor-gray/content.css</StyleSheet>
    <StyleSheet>tinymce/skins/content/tinymceeditor-gray/content.min.css</StyleSheet>
    <StyleSheet>tinymce/skins/content/writer/content.min.css</StyleSheet>
    <StyleSheet>tinymce/skins/ui/oxide/fonts/tinymce-mobile.woff</StyleSheet>
    <StyleSheet>tinymce/skins/ui/oxide/content.inline.min.css</StyleSheet>
    <StyleSheet>tinymce/skins/ui/oxide/content.min.css</StyleSheet>
    <StyleSheet>tinymce/skins/ui/oxide/content.mobile.min.css</StyleSheet>
    <StyleSheet>tinymce/skins/ui/oxide/skin.min.css</StyleSheet>
    <StyleSheet>tinymce/skins/ui/oxide/skin.mobile.min.css</StyleSheet>
    <StyleSheet>tinymce/skins/ui/oxide-dark/fonts/tinymce-mobile.woff</StyleSheet>
    <StyleSheet>tinymce/skins/ui/oxide-dark/content.inline.min.css</StyleSheet>
    <StyleSheet>tinymce/skins/ui/oxide-dark/content.min.css</StyleSheet>
    <StyleSheet>tinymce/skins/ui/oxide-dark/content.mobile.min.css</StyleSheet>
    <StyleSheet>tinymce/skins/ui/oxide-dark/skin.min.css</StyleSheet>
    <StyleSheet>tinymce/skins/ui/oxide-dark/skin.mobile.min.css</StyleSheet>
    <StyleSheet>tinymce/skins/ui/tinymceeditor-black/fonts/tinymce-mobile.woff</StyleSheet>
    <StyleSheet>tinymce/skins/ui/tinymceeditor-black/content.css</StyleSheet>
    <StyleSheet>tinymce/skins/ui/tinymceeditor-black/content.inline.css</StyleSheet>
    <StyleSheet>tinymce/skins/ui/tinymceeditor-black/content.inline.min.css</StyleSheet>
    <StyleSheet>tinymce/skins/ui/tinymceeditor-black/content.min.css</StyleSheet>
    <StyleSheet>tinymce/skins/ui/tinymceeditor-black/content.mobile.css</StyleSheet>
    <StyleSheet>tinymce/skins/ui/tinymceeditor-black/content.mobile.min.css</StyleSheet>
    <StyleSheet>tinymce/skins/ui/tinymceeditor-black/skin.css</StyleSheet>
    <StyleSheet>tinymce/skins/ui/tinymceeditor-black/skin.min.css</StyleSheet>
    <StyleSheet>tinymce/skins/ui/tinymceeditor-black/skin.mobile.css</StyleSheet>
    <StyleSheet>tinymce/skins/ui/tinymceeditor-black/skin.mobile.min.css</StyleSheet>
    <StyleSheet>tinymce/skins/ui/tinymceeditor-blue/fonts/tinymce-mobile.woff</StyleSheet>
    <StyleSheet>tinymce/skins/ui/tinymceeditor-blue/content.css</StyleSheet>
    <StyleSheet>tinymce/skins/ui/tinymceeditor-blue/content.inline.css</StyleSheet>
    <StyleSheet>tinymce/skins/ui/tinymceeditor-blue/content.inline.min.css</StyleSheet>
    <StyleSheet>tinymce/skins/ui/tinymceeditor-blue/content.min.css</StyleSheet>
    <StyleSheet>tinymce/skins/ui/tinymceeditor-blue/content.mobile.css</StyleSheet>
    <StyleSheet>tinymce/skins/ui/tinymceeditor-blue/content.mobile.min.css</StyleSheet>
    <StyleSheet>tinymce/skins/ui/tinymceeditor-blue/skin.css</StyleSheet>
    <StyleSheet>tinymce/skins/ui/tinymceeditor-blue/skin.min.css</StyleSheet>
    <StyleSheet>tinymce/skins/ui/tinymceeditor-blue/skin.mobile.css</StyleSheet>
    <StyleSheet>tinymce/skins/ui/tinymceeditor-blue/skin.mobile.min.css</StyleSheet>
    <StyleSheet>tinymce/skins/ui/tinymceeditor-dark/fonts/tinymce-mobile.woff</StyleSheet>
    <StyleSheet>tinymce/skins/ui/tinymceeditor-dark/content.css</StyleSheet>
    <StyleSheet>tinymce/skins/ui/tinymceeditor-dark/content.inline.css</StyleSheet>
    <StyleSheet>tinymce/skins/ui/tinymceeditor-dark/content.inline.min.css</StyleSheet>
    <StyleSheet>tinymce/skins/ui/tinymceeditor-dark/content.min.css</StyleSheet>
    <StyleSheet>tinymce/skins/ui/tinymceeditor-dark/content.mobile.css</StyleSheet>
    <StyleSheet>tinymce/skins/ui/tinymceeditor-dark/content.mobile.min.css</StyleSheet>
    <StyleSheet>tinymce/skins/ui/tinymceeditor-dark/skin.css</StyleSheet>
    <StyleSheet>tinymce/skins/ui/tinymceeditor-dark/skin.min.css</StyleSheet>
    <StyleSheet>tinymce/skins/ui/tinymceeditor-dark/skin.mobile.css</StyleSheet>
    <StyleSheet>tinymce/skins/ui/tinymceeditor-dark/skin.mobile.min.css</StyleSheet>
    <StyleSheet>tinymce/skins/ui/tinymceeditor-dark-gray/fonts/tinymce-mobile.woff</StyleSheet>
    <StyleSheet>tinymce/skins/ui/tinymceeditor-dark-gray/content.css</StyleSheet>
    <StyleSheet>tinymce/skins/ui/tinymceeditor-dark-gray/content.inline.css</StyleSheet>
    <StyleSheet>tinymce/skins/ui/tinymceeditor-dark-gray/content.inline.min.css</StyleSheet>
    <StyleSheet>tinymce/skins/ui/tinymceeditor-dark-gray/content.min.css</StyleSheet>
    <StyleSheet>tinymce/skins/ui/tinymceeditor-dark-gray/content.mobile.css</StyleSheet>
    <StyleSheet>tinymce/skins/ui/tinymceeditor-dark-gray/content.mobile.min.css</StyleSheet>
    <StyleSheet>tinymce/skins/ui/tinymceeditor-dark-gray/skin.css</StyleSheet>
    <StyleSheet>tinymce/skins/ui/tinymceeditor-dark-gray/skin.min.css</StyleSheet>
    <StyleSheet>tinymce/skins/ui/tinymceeditor-dark-gray/skin.mobile.css</StyleSheet>
    <StyleSheet>tinymce/skins/ui/tinymceeditor-dark-gray/skin.mobile.min.css</StyleSheet>
    <StyleSheet>tinymce/skins/ui/tinymceeditor-dark-green/fonts/tinymce-mobile.woff</StyleSheet>
    <StyleSheet>tinymce/skins/ui/tinymceeditor-dark-green/content.css</StyleSheet>
    <StyleSheet>tinymce/skins/ui/tinymceeditor-dark-green/content.inline.css</StyleSheet>
    <StyleSheet>tinymce/skins/ui/tinymceeditor-dark-green/content.inline.min.css</StyleSheet>
    <StyleSheet>tinymce/skins/ui/tinymceeditor-dark-green/content.min.css</StyleSheet>
    <StyleSheet>tinymce/skins/ui/tinymceeditor-dark-green/content.mobile.css</StyleSheet>
    <StyleSheet>tinymce/skins/ui/tinymceeditor-dark-green/content.mobile.min.css</StyleSheet>
    <StyleSheet>tinymce/skins/ui/tinymceeditor-dark-green/skin.css</StyleSheet>
    <StyleSheet>tinymce/skins/ui/tinymceeditor-dark-green/skin.min.css</StyleSheet>
    <StyleSheet>tinymce/skins/ui/tinymceeditor-dark-green/skin.mobile.css</StyleSheet>
    <StyleSheet>tinymce/skins/ui/tinymceeditor-dark-green/skin.mobile.min.css</StyleSheet>
    <StyleSheet>tinymce/skins/ui/tinymceeditor-gray/fonts/tinymce-mobile.woff</StyleSheet>
    <StyleSheet>tinymce/skins/ui/tinymceeditor-gray/content.css</StyleSheet>
    <StyleSheet>tinymce/skins/ui/tinymceeditor-gray/content.inline.css</StyleSheet>
    <StyleSheet>tinymce/skins/ui/tinymceeditor-gray/content.inline.min.css</StyleSheet>
    <StyleSheet>tinymce/skins/ui/tinymceeditor-gray/content.min.css</StyleSheet>
    <StyleSheet>tinymce/skins/ui/tinymceeditor-gray/content.mobile.css</StyleSheet>
    <StyleSheet>tinymce/skins/ui/tinymceeditor-gray/content.mobile.min.css</StyleSheet>
    <StyleSheet>tinymce/skins/ui/tinymceeditor-gray/skin.css</StyleSheet>
    <StyleSheet>tinymce/skins/ui/tinymceeditor-gray/skin.min.css</StyleSheet>
    <StyleSheet>tinymce/skins/ui/tinymceeditor-gray/skin.mobile.css</StyleSheet>
    <StyleSheet>tinymce/skins/ui/tinymceeditor-gray/skin.mobile.min.css</StyleSheet>
    <Script>tinymce/themes/mobile/theme.min.js</Script>
    <Script>tinymce/themes/silver/theme.min.js</Script>
    <Script>tinymce/jquery.tinymce.min.js</Script>
    <Script>tinymce/license.txt</Script>
    <Script>tinymce/tinymce.d.ts</Script>
    <Script>tinymce/tinymce.min.js</Script>
  </Resources>
  <ScriptUrls>
  </ScriptUrls>
  <Script><![CDATA[
      TinyMCEEditorStartUp.js
    ]]></Script>
  <RecreateScript>
    <!--
    <![CDATA[
    ]]>
    -->
  </RecreateScript>
  <RefreshScript>
    <!--
    <![CDATA[
    ]]>
    -->
  </RefreshScript>
  <RequestedHeight>320</RequestedHeight>
  <RequestedWidth>320</RequestedWidth>
  <MinimumHeight>180</MinimumHeight>
  <MinimumWidth>200</MinimumWidth>
  <VerticalStretch>true</VerticalStretch>
  <HorizontalStretch>true</HorizontalStretch>
  <VerticalShrink>true</VerticalShrink>
  <HorizontalShrink>true</HorizontalShrink>
  <AllowCaption>false</AllowCaption>
</Manifest>